{"_runtime":11929,"eval/fitness_warp":9.69358260327624e-10,"env_step":165150720,"train/std":0.3011941909790039,"_wandb":{"runtime":11929},"eval/video":{"_type":"video-file","path":"media/videos/eval/video_242_fe6f8b5e1a33654fedf6.mp4","sha256":"fe6f8b5e1a33654fedf62b7af1065e32db78af35da5e1e6021e5707503122a6a","size":536734},"_step":261,"train/entropy":0.4378769397735596,"train/pg_loss":-0.00657320162281394,"train/vf_loss":6.108969688415527,"monitor/eta_min":401.2773051224028,"_timestamp":1.784140122013883e+09,"eval/ep_rew_warp":169.78958777198568,"monitor/fps":13851.019893301083,"train/ep_rew":247.15115356445312,"train/fitness":0.14175453782081604}