{"train/pg_loss":-0.006024644710123539,"env_step":227409920,"train/vf_loss":12.212249755859377,"train/std":0.3011941909790039,"_wandb":{"runtime":32916},"monitor/eta_min":62.37452094337593,"eval/video":{"sha256":"b0ebdfba5c9f666edc3b5afffb1a88da4ad71bd56e42714ea67d8cf1f691efc8","size":632179,"_type":"video-file","path":"media/videos/eval/video_372_b0ebdfba5c9f666edc3b.mp4"},"train/fitness":0.19290512800216675,"_step":381,"monitor/fps":7049.824610217447,"train/entropy":0.4378769397735596,"train/ep_rew":185.87701416015625,"_runtime":32916,"eval/fitness_dm_control":0.01593746803700924,"eval/ep_rew_dm_control":209.0321747707203,"_timestamp":1.7841280889386964e+09}