{"train/vf_loss":12.561915397644045,"_runtime":33124,"eval/fitness_dm_control":0.1338854730129242,"_wandb":{"runtime":33124},"train/ep_rew":203.0960998535156,"train/entropy":0.4378769397735596,"train/std":0.3011941909790039,"env_step":227409920,"train/fitness":0.1918559372425079,"_step":385,"_timestamp":1.7841280615542376e+09,"monitor/eta_min":62.2869139585644,"train/pg_loss":-0.005038767121732235,"eval/video":{"sha256":"27da993b4c8fd1de5224a3faedad9337683a920fa89f9d879a10fd0134846fdc","size":623318,"_type":"video-file","path":"media/videos/eval/video_376_27da993b4c8fd1de5224.mp4"},"eval/ep_rew_dm_control":226.54833562672135,"monitor/fps":7048.676016490451}