{"train/pg_loss":0.00404810905456543,"train/entropy":0.4378769397735596,"_runtime":33204,"eval/ep_rew_warp":260.1440898159053,"monitor/eta_min":62.1415461798509,"train/vf_loss":14.74799346923828,"train/std":0.3011941909790039,"eval/video":{"sha256":"f56df0292350d98e8ca63d6f6a4b4badd23574c36ed5aed3d5b794078018bb8c","size":529576,"_type":"video-file","path":"media/videos/eval/video_427_f56df0292350d98e8ca6.mp4"},"_step":437,"eval/fitness_warp":0.07206178456544876,"train/ep_rew":275.4730529785156,"monitor/fps":8041.848128032461,"env_step":259522560,"_timestamp":1.784128045547853e+09,"_wandb":{"runtime":33204}}