{"train/pg_loss":-0.014420805498957634,"_timestamp":1.784128087150396e+09,"_runtime":33503,"eval/fitness_warp":0.36837705969810486,"monitor/eta_min":61.31074919477105,"monitor/fps":7887.510892378271,"eval/video":{"path":"media/videos/eval/video_436_c11435e627e1e9ce8349.mp4","sha256":"c11435e627e1e9ce8349c39ba1a2e67a7f73f42d60e8940207220d938f64fc15","size":590768,"_type":"video-file"},"_step":446,"train/ep_rew":170.64642333984375,"env_step":254935040,"train/vf_loss":9.915414810180664,"train/entropy":0.4378769397735596,"train/std":0.3011941909790039,"_wandb":{"runtime":33503},"eval/ep_rew_warp":368.11715546250343}