{"eval/video":{"_type":"video-file","path":"media/videos/eval/video_383_4fabf00bcd8f913eb7b7.mp4","sha256":"4fabf00bcd8f913eb7b77a389e6887695aa5857e87a0ad2953eb82dde118ffc4","size":698431},"train/pg_loss":-0.004835181869566441,"eval/ep_rew_dm_control":270.7470278841196,"train/ep_rew":212.34136962890625,"monitor/eta_min":62.13129648212343,"eval/fitness_dm_control":1.173453370029165e-06,"train/fitness":0.18195314705371857,"_runtime":33276,"train/vf_loss":8.078648567199707,"_wandb":{"runtime":33276},"_timestamp":1.7841280544708765e+09,"_step":392,"env_step":228720640,"monitor/fps":7087.251297081595,"train/entropy":0.4378769397735596,"train/std":0.3011941909790039}