{"env_step":227409920,"train/vf_loss":13.289950370788574,"eval/fitness_dm_control":0.1923563927412033,"_runtime":33102,"train/pg_loss":-0.004029208328574896,"eval/video":{"path":"media/videos/eval/video_376_f23b1b7bc4d56ae1801e.mp4","sha256":"f23b1b7bc4d56ae1801e6635b237758302e4ab3de792643bbf03d08f182fe167","size":590111,"_type":"video-file"},"train/ep_rew":170.04576110839844,"_step":385,"train/fitness":0.1935485601425171,"eval/ep_rew_dm_control":315.30999495089054,"_wandb":{"runtime":33102},"train/std":0.3011941909790039,"monitor/fps":7051.146064653515,"monitor/eta_min":62.4752772697558,"train/entropy":0.4378769397735596,"_timestamp":1.7841280753881395e+09}