{"eval/ep_rew_dm_control":222.0187013794657,"_wandb":{"runtime":32979},"_step":381,"train/entropy":0.4445119500160218,"_timestamp":1.7841280573802545e+09,"monitor/fps":7017.930275531082,"train/fitness":0.19083763659000397,"train/std":0.30223989486694336,"eval/fitness_dm_control":5.5398376858084575e-12,"train/ep_rew":142.97787475585938,"train/pg_loss":0.0026849645655602217,"env_step":226099200,"monitor/eta_min":63.04396708831191,"train/vf_loss":26.888992309570312,"_runtime":32979,"eval/video":{"_type":"video-file","path":"media/videos/eval/video_372_47b6b4ea80d6fb273599.mp4","sha256":"47b6b4ea80d6fb2735995855324f0761bc3d0f1780af273449a500b6381a59df","size":649694}}