{"_wandb":{"runtime":11935},"eval/video":{"_type":"video-file","path":"media/videos/eval/video_288_a160a762f30a3e1fb3e2.mp4","sha256":"a160a762f30a3e1fb3e203fdcef5afa1e8e7b6385e8cfa1295b1a9e0b617fe9c","size":501771},"eval/fitness_warp":0.11868881434202194,"env_step":195297280,"_timestamp":1.7841401037674215e+09,"monitor/fps":16370.568440494024,"train/entropy":0.4378769397735596,"_runtime":11935,"train/vf_loss":7.36075496673584,"train/std":0.3011941909790039,"_step":307,"monitor/eta_min":401.17033330282817,"train/fitness":0.10276851803064346,"eval/ep_rew_warp":235.44970901310444,"train/ep_rew":235.89373779296875,"train/pg_loss":-0.0196856576949358}