{"monitor/eta_min":229.04722563605756,"train/std":0.30150681734085083,"eval/fitness_warp":0.5467613935470581,"_runtime":22262,"train/fitness":0.14909416437149048,"_timestamp":1.7841648133684776e+09,"train/entropy":0.43995141983032227,"train/pg_loss":-0.006267039105296135,"env_step":299499520,"train/ep_rew":132.8649444580078,"_step":475,"train/vf_loss":3.6183505058288574,"eval/ep_rew_warp":359.46490463614464,"eval/video":{"path":"media/videos/eval/video_466_9720ff3789a125aecbc6.mp4","size":556029,"_type":"video-file","sha256":"9720ff3789a125aecbc6b02cf959425197204d940bf2f82c6312a720d26a4561"},"_wandb":{"runtime":22262},"monitor/fps":13456.318463248212}