{"eval/ep_rew_dm_control":254.64750020205977,"_wandb":{"runtime":33365},"monitor/eta_min":62.181847898041205,"monitor/fps":7026.989795521448,"train/std":0.30119967460632324,"train/vf_loss":3.140700340270996,"train/pg_loss":0.032122693955898285,"_step":395,"_timestamp":1.7841280595435677e+09,"eval/fitness_dm_control":0.1968567818403244,"train/ep_rew":81.44464874267578,"eval/video":{"_type":"video-file","path":"media/videos/eval/video_386_d7310f02cc4dd53ed509.mp4","sha256":"d7310f02cc4dd53ed5099c861d70e04cefc1aa921c6fe03f0acccd38152ae8c3","size":658512},"env_step":226754560,"_runtime":33365,"train/fitness":0.1824556589126587,"train/entropy":0.4379158616065979}