{"_timestamp":1.784140136821235e+09,"train/entropy":0.4379095435142517,"monitor/fps":22554.690419724055,"eval/ep_rew_warp":237.12176066346,"_runtime":11976,"train/ep_rew":256.03515625,"monitor/eta_min":400.4788102641702,"train/std":0.30120915174484253,"_step":421,"eval/video":{"size":482835,"_type":"video-file","path":"media/videos/eval/video_381_f785ae72940d6870b692.mp4","sha256":"f785ae72940d6870b692b68216cc056d49a015caff6e1a66565417e6b30aee25"},"train/vf_loss":6.436446666717529,"env_step":270008320,"eval/fitness_warp":0.001254617585800588,"train/pg_loss":-0.007779909763485193,"train/fitness":0.09835469722747804,"_wandb":{"runtime":11976}}