{"train/std":0.3012874126434326,"_runtime":13433,"train/pg_loss":0.000629747286438942,"_step":392,"eval/video":{"_type":"video-file","sha256":"e313fcfbfb809c30d5950385a5479d9403100687d3a60c0de2e3d295bcf2cceb","path":"media/videos/eval/video_382_e313fcfbfb809c30d595.mp4","size":593491},"train/vf_loss":12.886229515075684,"eval/fitness_warp":0.5106281638145447,"_timestamp":1.7841795092279885e+09,"_wandb":{"runtime":13433},"monitor/eta_min":391.7845705690483,"train/fitness":0.55751633644104,"env_step":230031360,"monitor/fps":18412.929389900863,"train/entropy":0.4384956955909729,"eval/ep_rew_warp":513.2689278423786,"train/ep_rew":553.4550170898438}