{"_runtime":86448,"env_step":1231421440,"eval/ep_rew_warp":602.0866880342364,"eval/fitness_warp":0.9112840294837952,"monitor/eta_min":2059.3999423742293,"_timestamp":1.7841814685313892e+09,"train/std":0.30184149742126465,"train/ep_rew":625.9600830078125,"monitor/fps":18634.818741759133,"train/vf_loss":5.891627311706543,"eval/video":{"sha256":"6f41821e6bf8730acce2ce49cd1a9b6bad08f300c5a54d185c9b8e5cd4b92c85","path":"media/videos/eval/video_1943_6f41821e6bf8730acce2.mp4","size":452104,"_type":"video-file"},"_step":1980,"_wandb":{"runtime":86448},"train/pg_loss":-0.01101724337786436,"train/entropy":0.4423050284385681}