{"monitor/eta_min":62.81857535118858,"train/std":0.30142438411712646,"train/entropy":0.4394384026527405,"_runtime":32792,"train/vf_loss":29.018657684326172,"train/pg_loss":-0.006692767143249512,"train/ep_rew":168.26495361328125,"eval/fitness_dm_control":0.1968567818403244,"train/fitness":0.19194191694259644,"env_step":226099200,"_step":377,"monitor/fps":7014.985677257144,"eval/video":{"_type":"video-file","path":"media/videos/eval/video_368_063952e84691b2d98544.mp4","sha256":"063952e84691b2d98544fad99850567a8038261c93374632aa5bb838ef137b3a","size":578843},"_timestamp":1.7841280468740156e+09,"_wandb":{"runtime":32792},"eval/ep_rew_dm_control":258.21780494600534}