{"train/vf_loss":0.8746193647384644,"train/entropy":-2.1601836681365967,"monitor/eta_min":228.93754118587825,"eval/video":{"path":"media/videos/eval/video_741_60c306361fb5b8a534a4.mp4","size":160241,"_type":"video-file","sha256":"60c306361fb5b8a534a4a45672728bf66672af2449d036e8739c7177245c32d0"},"env_step":486277120,"monitor/fps":21841.65623374623,"train/pg_loss":0.010427344590425491,"eval/fitness_warp":0.3635757565498352,"eval/ep_rew_warp":170.71001587808132,"_step":760,"train/fitness":0.1919669508934021,"_wandb":{"runtime":22269},"_runtime":22269,"train/std":0.08216464519500732,"_timestamp":1.7841648363710952e+09,"train/ep_rew":114.85857391357422}