{"monitor/eta_min":228.8660596789792,"train/entropy":-2.162122964859009,"_timestamp":1.7841648161768234e+09,"eval/fitness_warp":0.3635757565498352,"eval/video":{"sha256":"ec2d85c3085e0a23ac0c22e26cf3a7e0dba6a6e92220c27af904d8d9c4de26cb","path":"media/videos/eval/video_533_ec2d85c3085e0a23ac0c.mp4","size":553672,"_type":"video-file"},"eval/ep_rew_warp":291.4217518568039,"train/std":0.0820850059390068,"monitor/fps":15421.59504027759,"train/ep_rew":260.9560852050781,"_runtime":22273,"train/pg_loss":0.006020016502588987,"_step":542,"train/fitness":0.15387019515037537,"env_step":343408640,"train/vf_loss":6.382915496826172,"_wandb":{"runtime":22273}}