{"_wandb":{"runtime":22251},"train/entropy":-0.37254267930984497,"env_step":295567360,"monitor/fps":13286.554580852004,"train/pg_loss":0.0010801381431519983,"eval/fitness_warp":0.3635757565498352,"train/ep_rew":138.13998413085938,"_step":469,"eval/video":{"sha256":"4af05436d87f6adb08bcc6d0b9d757a5afab2a3282fe50d59e7faa8f9a40b75f","path":"media/videos/eval/video_460_4af05436d87f6adb08bc.mp4","size":525949,"_type":"video-file"},"_timestamp":1.7841648100992534e+09,"_runtime":22251,"train/vf_loss":3.02156925201416,"train/fitness":0.151838019490242,"train/std":0.3962678611278534,"monitor/eta_min":229.240023311538,"eval/ep_rew_warp":298.2501024901867}