{"train/fitness":0.11701925098896028,"monitor/eta_min":401.23610709893205,"eval/fitness_warp":0.11868881434202194,"_wandb":{"runtime":11931},"train/entropy":0.4378769397735596,"eval/ep_rew_warp":221.01688138395548,"env_step":140902400,"train/pg_loss":-0.0033422252163290977,"monitor/fps":11814.88900754326,"_step":224,"train/vf_loss":7.374503135681152,"train/ep_rew":232.12998962402344,"train/std":0.3011941909790039,"eval/video":{"size":578678,"_type":"video-file","path":"media/videos/eval/video_205_d0b219ca5983daf0d720.mp4","sha256":"d0b219ca5983daf0d720ec5b66be323f17d11dddfab9d7d73002c34cad9ec9d7"},"_runtime":11931,"_timestamp":1.7841401076202905e+09}