{"eval/fitness_dm_control":7.416670268867165e-05,"_timestamp":1.7841280895397797e+09,"_wandb":{"runtime":33075},"eval/video":{"sha256":"194104c420eacd0555ddc2d25f73b2acb7604051760f104a1ff1ceb55ed4ffcb","size":622773,"_type":"video-file","path":"media/videos/eval/video_372_194104c420eacd0555dd.mp4"},"train/std":0.30171823501586914,"train/pg_loss":-0.003828850109130144,"train/entropy":0.4410896301269531,"env_step":226099200,"_step":381,"train/ep_rew":164.11634826660156,"monitor/fps":7003.696379115266,"eval/ep_rew_dm_control":201.13362370726463,"train/fitness":0.19194191694259644,"_runtime":33075,"train/vf_loss":34.300235748291016,"monitor/eta_min":61.952689548768106}