{"eval/ep_rew_warp":257.1111882813275,"monitor/fps":18911.57446556055,"train/fitness":0.1909337043762207,"train/pg_loss":0.008915952406823635,"eval/fitness_warp":0.030852695927023888,"train/ep_rew":155.3870391845703,"env_step":235929600,"_wandb":{"runtime":13396},"train/std":0.3019223213195801,"_runtime":13396,"monitor/eta_min":392.0765398375069,"eval/video":{"path":"media/videos/eval/video_397_62e614914e62677f6dc4.mp4","size":637599,"_type":"video-file","sha256":"62e614914e62677f6dc425cadef4a2844938fb701424e57f0a5b3680e994320d"},"train/entropy":0.4427003264427185,"_timestamp":1.7841794998247285e+09,"train/vf_loss":70.166259765625,"_step":406}