{"eval/ep_rew_warp":129.5673021398968,"_step":256,"monitor/fps":13585.176612058229,"eval/video":{"_type":"video-file","path":"media/videos/eval/video_237_2592ae2eb38d6e072246.mp4","sha256":"2592ae2eb38d6e07224602409b09b71704679fdb95f53edfc73ebfe11f787d7d","size":553635},"train/std":0.3011941909790039,"train/ep_rew":217.9785614013672,"eval/fitness_warp":1.1080648398831272e-08,"monitor/eta_min":401.4086423968896,"_wandb":{"runtime":11921},"_timestamp":1.7841401054446e+09,"train/entropy":0.4378769397735596,"_runtime":11921,"train/vf_loss":7.165304183959961,"train/pg_loss":-0.013832902535796164,"train/fitness":0.11689679324626924,"env_step":161873920}