{"train/ep_rew":373.1325378417969,"monitor/fps":7921.968754626608,"_runtime":32941,"train/entropy":0.4378769397735596,"eval/ep_rew_warp":420.9861753284931,"train/pg_loss":0.0020551178604364395,"train/std":0.3011941909790039,"monitor/eta_min":62.27508187126368,"env_step":255590400,"eval/fitness_warp":0.07955074310302734,"_step":426,"eval/video":{"_type":"video-file","path":"media/videos/eval/video_416_259f491171a7371abcb1.mp4","sha256":"259f491171a7371abcb131fb9365762c110810263273103e73b9a62e21e192f1","size":522967},"_timestamp":1.784128021458092e+09,"_wandb":{"runtime":32941},"train/vf_loss":42.75203323364258}