{"eval/fitness_warp":1.1841432296932908e-06,"monitor/fps":13007.922127731674,"env_step":289669120,"eval/ep_rew_warp":247.64319806225876,"_wandb":{"runtime":22273},"train/fitness":0.12916043400764465,"_step":460,"train/pg_loss":-0.010175567120313644,"_runtime":22273,"eval/video":{"sha256":"1135079f5bcf5c0b067310aef6728357592d2b4d8eccbed12e529b4b987272d6","path":"media/videos/eval/video_451_1135079f5bcf5c0b0673.mp4","size":537158,"_type":"video-file"},"train/ep_rew":259.3186340332031,"monitor/eta_min":228.85550672430543,"train/vf_loss":7.093466281890869,"train/entropy":0.6792006492614746,"train/std":0.5460093021392822,"_timestamp":1.7841648087644658e+09}